{
  "version": "5.8.3",
  "flags": {},
  "shapes": [
    {
      "label": "dog",
      "points": [
        [
          24.652173913043477,
          102.91304347826086
        ],
        [
          36.82608695652174,
          98.78260869565217
        ],
        [
          45.52173913043479,
          90.95652173913044
        ],
        [
          52.260869565217384,
          87.04347826086956
        ],
        [
          60.08695652173913,
          85.73913043478261
        ],
        [
          69.86956521739131,
          85.95652173913044
        ],
        [
          77.47826086956522,
          89.43478260869566
        ],
        [
          80.30434782608694,
          95.52173913043478
        ],
        [
          85.95652173913041,
          104.21739130434783
        ],
        [
          93.56521739130434,
          118.56521739130434
        ],
        [
          101.39751552795032,
          127.0
        ],
        [
          115.95652173913041,
          127.0
        ],
        [
          127.0,
          127.0
        ],
        [
          127.0,
          116.39130434782608
        ],
        [
          127.0,
          104.43478260869564
        ],
        [
          127.0,
          89.8695652173913
        ],
        [
          127.0,
          77.47826086956522
        ],
        [
          127.0,
          59.0
        ],
        [
          127.0,
          41.608695652173914
        ],
        [
          127.0,
          36.608695652173914
        ],
        [
          118.56521739130434,
          44.0
        ],
        [
          110.52173913043475,
          47.26086956521739
        ],
        [
          101.6086956521739,
          39.869565217391305
        ],
        [
          94.0,
          33.34782608695652
        ],
        [
          86.39130434782606,
          26.39130434782609
        ],
        [
          83.56521739130434,
          16.391304347826093
        ],
        [
          77.47826086956522,
          10.304347826086962
        ],
        [
          69.86956521739131,
          10.304347826086962
        ],
        [
          59.43478260869565,
          17.04347826086957
        ],
        [
          49.21739130434782,
          22.478260869565222
        ],
        [
          42.2608695652174,
          30.521739130434785
        ],
        [
          36.608695652173914,
          42.04347826086957
        ],
        [
          32.69565217391304,
          49.869565217391305
        ],
        [
          31.826086956521742,
          59.434782608695656
        ],
        [
          27.69565217391304,
          67.91304347826087
        ],
        [
          21.826086956521742,
          76.17391304347827
        ],
        [
          16.826086956521742,
          84.8695652173913
        ],
        [
          12.04347826086957,
          92.47826086956522
        ],
        [
          10.30434782608696,
          96.17391304347825
        ],
        [
          11.608695652173914,
          100.73913043478261
        ],
        [
          17.260869565217398,
          103.34782608695652
        ]
      ],
      "group_id": null,
      "description": "",
      "shape_type": "polygon",
      "flags": {},
      "mask": null
    }
  ],
  "imagePath": "dog.121.jpg",
  "imageData": null,
  "imageHeight": 128,
  "imageWidth": 128
}