{
  "version": "5.8.3",
  "flags": {},
  "shapes": [
    {
      "label": "dog",
      "points": [
        [
          28.347826086956523,
          81.17391304347827
        ],
        [
          20.739130434782616,
          84.0
        ],
        [
          11.391304347826086,
          74.0
        ],
        [
          10.521739130434788,
          67.04347826086956
        ],
        [
          19.000000000000007,
          55.95652173913044
        ],
        [
          22.478260869565226,
          44.652173913043484
        ],
        [
          19.869565217391305,
          39.869565217391305
        ],
        [
          26.826086956521742,
          30.739130434782613
        ],
        [
          33.78260869565218,
          18.130434782608702
        ],
        [
          45.7391304347826,
          10.521739130434788
        ],
        [
          61.17391304347826,
          12.478260869565224
        ],
        [
          75.95652173913044,
          14.86956521739131
        ],
        [
          89.21739130434781,
          19.652173913043484
        ],
        [
          97.04347826086956,
          25.52173913043479
        ],
        [
          106.39130434782606,
          30.739130434782613
        ],
        [
          111.17391304347825,
          39.652173913043484
        ],
        [
          109.43478260869563,
          51.82608695652174
        ],
        [
          105.7391304347826,
          61.17391304347826
        ],
        [
          110.08695652173913,
          70.73913043478261
        ],
        [
          110.30434782608694,
          80.73913043478261
        ],
        [
          102.69565217391303,
          91.6086956521739
        ],
        [
          100.7391304347826,
          97.47826086956522
        ],
        [
          94.43478260869563,
          104.21739130434783
        ],
        [
          96.6086956521739,
          107.47826086956522
        ],
        [
          100.08695652173913,
          108.56521739130434
        ],
        [
          94.0,
          116.6086956521739
        ],
        [
          95.7391304347826,
          121.6086956521739
        ],
        [
          98.3478260869565,
          123.56521739130434
        ],
        [
          103.99999999999997,
          117.26086956521739
        ],
        [
          108.99999999999997,
          113.56521739130434
        ],
        [
          111.39130434782606,
          123.56521739130434
        ],
        [
          109.97698209718668,
          127.0
        ],
        [
          99.21739130434781,
          127.0
        ],
        [
          62.69565217391304,
          127.0
        ],
        [
          48.34782608695652,
          127.0
        ],
        [
          33.34782608695652,
          127.0
        ],
        [
          20.086956521739133,
          126.39130434782608
        ],
        [
          19.43478260869565,
          117.04347826086956
        ],
        [
          28.56521739130435,
          106.17391304347825
        ],
        [
          32.69565217391304,
          95.30434782608695
        ],
        [
          32.91304347826087,
          88.13043478260869
        ]
      ],
      "group_id": null,
      "description": "",
      "shape_type": "polygon",
      "flags": {},
      "mask": null
    }
  ],
  "imagePath": "dog.133.jpg",
  "imageData": null,
  "imageHeight": 128,
  "imageWidth": 128
}