{
  "version": "5.8.3",
  "flags": {},
  "shapes": [
    {
      "label": "dog",
      "points": [
        [
          45.95652173913043,
          80.52173913043478
        ],
        [
          45.7391304347826,
          74.43478260869566
        ],
        [
          41.82608695652174,
          69.0
        ],
        [
          41.82608695652174,
          54.869565217391305
        ],
        [
          40.08695652173913,
          49.21739130434783
        ],
        [
          43.99999999999999,
          36.173913043478265
        ],
        [
          51.608695652173914,
          25.739130434782613
        ],
        [
          53.130434782608695,
          15.086956521739136
        ],
        [
          57.47826086956521,
          1.6086956521739202
        ],
        [
          61.608695652173914,
          1.3913043478260942
        ],
        [
          61.82608695652174,
          8.130434782608702
        ],
        [
          60.521739130434774,
          18.347826086956527
        ],
        [
          60.08695652173913,
          23.347826086956527
        ],
        [
          65.52173913043478,
          27.260869565217394
        ],
        [
          68.34782608695653,
          32.47826086956522
        ],
        [
          69.21739130434781,
          40.08695652173913
        ],
        [
          75.08695652173913,
          39.434782608695656
        ],
        [
          80.52173913043478,
          40.73913043478261
        ],
        [
          86.17391304347825,
          43.78260869565218
        ],
        [
          89.86956521739128,
          48.130434782608695
        ],
        [
          95.08695652173913,
          52.47826086956522
        ],
        [
          96.6086956521739,
          58.130434782608695
        ],
        [
          93.3478260869565,
          63.78260869565217
        ],
        [
          89.65217391304347,
          69.65217391304348
        ],
        [
          86.6086956521739,
          79.0
        ],
        [
          85.52173913043478,
          82.69565217391305
        ],
        [
          84.65217391304347,
          89.65217391304347
        ],
        [
          84.0,
          99.0
        ],
        [
          82.91304347826085,
          106.17391304347825
        ],
        [
          79.0,
          112.69565217391303
        ],
        [
          76.82608695652172,
          120.52173913043478
        ],
        [
          74.15856777493605,
          127.0
        ],
        [
          68.13043478260869,
          127.0
        ],
        [
          70.08695652173913,
          121.17391304347825
        ],
        [
          69.21739130434781,
          115.52173913043478
        ],
        [
          61.17391304347826,
          114.65217391304347
        ],
        [
          57.91304347826087,
          119.43478260869564
        ],
        [
          58.10702341137124,
          127.0
        ],
        [
          52.04347826086957,
          127.0
        ],
        [
          49.65217391304348,
          121.6086956521739
        ],
        [
          48.99999999999999,
          113.56521739130434
        ],
        [
          47.91304347826087,
          103.34782608695652
        ],
        [
          47.69565217391304,
          94.8695652173913
        ],
        [
          44.869565217391305,
          96.39130434782608
        ],
        [
          43.56521739130435,
          90.30434782608695
        ],
        [
          45.7391304347826,
          86.82608695652173
        ]
      ],
      "group_id": null,
      "description": "",
      "shape_type": "polygon",
      "flags": {},
      "mask": null
    }
  ],
  "imagePath": "dog.147.jpg",
  "imageData": null,
  "imageHeight": 128,
  "imageWidth": 128
}