{
  "version": "5.8.3",
  "flags": {},
  "shapes": [
    {
      "label": "dog",
      "points": [
        [
          25.52173913043479,
          55.95652173913044
        ],
        [
          21.826086956521742,
          52.69565217391305
        ],
        [
          23.130434782608695,
          41.82608695652174
        ],
        [
          23.56521739130435,
          29.652173913043484
        ],
        [
          23.56521739130435,
          23.56521739130435
        ],
        [
          25.739130434782616,
          19.434782608695656
        ],
        [
          34.00000000000001,
          17.04347826086957
        ],
        [
          40.95652173913043,
          14.000000000000005
        ],
        [
          48.34782608695652,
          14.217391304347831
        ],
        [
          54.43478260869565,
          16.391304347826093
        ],
        [
          59.21739130434782,
          19.652173913043484
        ],
        [
          65.30434782608694,
          22.695652173913047
        ],
        [
          70.08695652173913,
          25.95652173913044
        ],
        [
          73.78260869565216,
          30.739130434782613
        ],
        [
          79.0,
          35.08695652173913
        ],
        [
          77.91304347826085,
          42.26086956521739
        ],
        [
          75.30434782608694,
          49.21739130434783
        ],
        [
          75.08695652173913,
          55.52173913043478
        ],
        [
          73.3478260869565,
          62.69565217391305
        ],
        [
          72.91304347826085,
          66.17391304347827
        ],
        [
          78.3478260869565,
          70.30434782608695
        ],
        [
          84.86956521739128,
          73.78260869565217
        ],
        [
          93.56521739130434,
          78.13043478260869
        ],
        [
          100.30434782608694,
          82.26086956521739
        ],
        [
          107.91304347826085,
          84.65217391304347
        ],
        [
          115.95652173913041,
          86.39130434782608
        ],
        [
          124.65217391304347,
          87.26086956521739
        ],
        [
          127.0,
          87.47430830039526
        ],
        [
          127.0,
          98.78260869565217
        ],
        [
          127.0,
          110.52173913043478
        ],
        [
          127.0,
          120.30434782608695
        ],
        [
          127.0,
          127.0
        ],
        [
          118.99999999999997,
          127.0
        ],
        [
          106.17391304347825,
          127.0
        ],
        [
          98.13043478260869,
          127.0
        ],
        [
          90.08695652173913,
          127.0
        ],
        [
          78.78260869565216,
          127.0
        ],
        [
          70.08695652173913,
          127.0
        ],
        [
          60.30434782608696,
          127.0
        ],
        [
          50.95652173913043,
          127.0
        ],
        [
          49.43478260869565,
          122.26086956521739
        ],
        [
          47.47826086956521,
          113.34782608695652
        ],
        [
          45.95652173913043,
          105.08695652173913
        ],
        [
          44.65217391304348,
          98.34782608695652
        ],
        [
          40.7391304347826,
          91.39130434782608
        ],
        [
          39.869565217391305,
          84.21739130434783
        ],
        [
          35.08695652173913,
          82.04347826086956
        ],
        [
          31.826086956521742,
          75.95652173913044
        ],
        [
          31.173913043478258,
          69.43478260869566
        ],
        [
          32.91304347826087,
          65.95652173913044
        ],
        [
          28.130434782608695,
          62.26086956521739
        ]
      ],
      "group_id": null,
      "description": "",
      "shape_type": "polygon",
      "flags": {},
      "mask": null
    }
  ],
  "imagePath": "dog.143.jpg",
  "imageData": null,
  "imageHeight": 128,
  "imageWidth": 128
}