{
  "version": "5.8.3",
  "flags": {},
  "shapes": [
    {
      "label": "dog",
      "points": [
        [
          10.521739130434788,
          103.78260869565217
        ],
        [
          17.04347826086957,
          95.52173913043478
        ],
        [
          22.04347826086957,
          88.78260869565217
        ],
        [
          24.869565217391305,
          81.6086956521739
        ],
        [
          22.913043478260867,
          73.13043478260869
        ],
        [
          22.260869565217398,
          67.91304347826087
        ],
        [
          27.260869565217398,
          58.56521739130435
        ],
        [
          30.95652173913043,
          47.913043478260875
        ],
        [
          34.43478260869565,
          35.52173913043479
        ],
        [
          36.17391304347826,
          26.826086956521742
        ],
        [
          36.391304347826086,
          16.608695652173918
        ],
        [
          40.08695652173913,
          6.608695652173919
        ],
        [
          44.43478260869565,
          5.086956521739137
        ],
        [
          48.56521739130435,
          8.130434782608702
        ],
        [
          52.91304347826087,
          19.000000000000004
        ],
        [
          56.82608695652174,
          30.521739130434785
        ],
        [
          65.30434782608694,
          29.652173913043484
        ],
        [
          72.04347826086956,
          24.21739130434783
        ],
        [
          80.7391304347826,
          25.30434782608696
        ],
        [
          90.7391304347826,
          24.21739130434783
        ],
        [
          99.43478260869563,
          27.913043478260875
        ],
        [
          109.43478260869563,
          25.086956521739136
        ],
        [
          120.52173913043475,
          26.608695652173918
        ],
        [
          127.0,
          25.394021739130434
        ],
        [
          127.0,
          38.34782608695652
        ],
        [
          127.0,
          57.91304347826087
        ],
        [
          127.0,
          80.73913043478261
        ],
        [
          127.0,
          101.82608695652173
        ],
        [
          127.0,
          116.39130434782608
        ],
        [
          127.0,
          127.0
        ],
        [
          117.26086956521738,
          127.0
        ],
        [
          105.52173913043478,
          127.0
        ],
        [
          98.13043478260869,
          127.0
        ],
        [
          91.39130434782606,
          121.82608695652173
        ],
        [
          83.13043478260869,
          114.43478260869564
        ],
        [
          74.0,
          105.95652173913042
        ],
        [
          66.82608695652175,
          100.73913043478261
        ],
        [
          62.91304347826087,
          98.34782608695652
        ],
        [
          56.17391304347826,
          106.17391304347825
        ],
        [
          48.99999999999999,
          115.52173913043478
        ],
        [
          43.56521739130435,
          122.69565217391303
        ],
        [
          38.56521739130435,
          124.43478260869564
        ],
        [
          34.00000000000001,
          125.30434782608695
        ],
        [
          31.59782608695653,
          127.0
        ],
        [
          24.000000000000007,
          125.30434782608695
        ],
        [
          20.739130434782616,
          120.95652173913042
        ],
        [
          20.95652173913043,
          117.91304347826086
        ],
        [
          13.130434782608695,
          116.39130434782608
        ],
        [
          9.652173913043477,
          112.04347826086956
        ]
      ],
      "group_id": null,
      "description": "",
      "shape_type": "polygon",
      "flags": {},
      "mask": null
    }
  ],
  "imagePath": "dog.166.jpg",
  "imageData": null,
  "imageHeight": 128,
  "imageWidth": 128
}