{
  "version": "5.8.3",
  "flags": {},
  "shapes": [
    {
      "label": "dog",
      "points": [
        [
          48.130434782608695,
          60.73913043478261
        ],
        [
          39.21739130434782,
          58.56521739130435
        ],
        [
          31.826086956521742,
          54.434782608695656
        ],
        [
          27.913043478260867,
          48.34782608695652
        ],
        [
          24.869565217391305,
          40.08695652173913
        ],
        [
          24.21739130434782,
          34.869565217391305
        ],
        [
          26.826086956521742,
          31.826086956521742
        ],
        [
          33.130434782608695,
          31.173913043478265
        ],
        [
          43.130434782608695,
          29.869565217391308
        ],
        [
          50.95652173913043,
          29.000000000000004
        ],
        [
          57.260869565217384,
          24.000000000000004
        ],
        [
          61.17391304347826,
          15.739130434782615
        ],
        [
          71.17391304347825,
          14.000000000000005
        ],
        [
          80.30434782608694,
          14.434782608695658
        ],
        [
          86.39130434782606,
          17.260869565217398
        ],
        [
          94.43478260869563,
          20.52173913043479
        ],
        [
          97.04347826086956,
          25.739130434782613
        ],
        [
          98.13043478260869,
          33.1304347826087
        ],
        [
          100.95652173913041,
          40.30434782608696
        ],
        [
          105.52173913043478,
          46.608695652173914
        ],
        [
          110.30434782608694,
          51.173913043478265
        ],
        [
          117.47826086956519,
          53.78260869565217
        ],
        [
          123.78260869565216,
          57.26086956521739
        ],
        [
          127.0,
          56.88235294117647
        ],
        [
          127.0,
          69.8695652173913
        ],
        [
          127.0,
          82.91304347826086
        ],
        [
          127.0,
          93.56521739130434
        ],
        [
          127.0,
          105.73913043478261
        ],
        [
          126.82608695652172,
          118.78260869565217
        ],
        [
          127.0,
          125.56521739130545
        ],
        [
          118.78260869565216,
          126.6086956521739
        ],
        [
          106.39130434782606,
          126.82608695652173
        ],
        [
          96.30434782608677,
          127.0
        ],
        [
          83.78260869565216,
          127.0
        ],
        [
          83.13043478260869,
          119.0
        ],
        [
          77.04347826086956,
          107.47826086956522
        ],
        [
          70.95652173913044,
          97.04347826086956
        ],
        [
          64.43478260869566,
          89.21739130434783
        ],
        [
          59.65217391304348,
          85.30434782608695
        ],
        [
          49.21739130434782,
          88.13043478260869
        ],
        [
          35.7391304347826,
          87.04347826086956
        ],
        [
          32.2608695652174,
          77.26086956521739
        ],
        [
          33.130434782608695,
          71.6086956521739
        ],
        [
          40.30434782608696,
          70.52173913043478
        ],
        [
          46.608695652173914,
          65.08695652173913
        ]
      ],
      "group_id": null,
      "description": "",
      "shape_type": "polygon",
      "flags": {},
      "mask": null
    }
  ],
  "imagePath": "dog.122.jpg",
  "imageData": null,
  "imageHeight": 128,
  "imageWidth": 128
}