{
  "version": "5.8.3",
  "flags": {},
  "shapes": [
    {
      "label": "dog",
      "points": [
        [
          63.130434782608695,
          69.65217391304348
        ],
        [
          67.04347826086956,
          66.17391304347827
        ],
        [
          73.3478260869565,
          64.8695652173913
        ],
        [
          77.91304347826085,
          67.04347826086956
        ],
        [
          83.13043478260869,
          70.08695652173913
        ],
        [
          86.39130434782606,
          75.30434782608695
        ],
        [
          88.3478260869565,
          80.52173913043478
        ],
        [
          82.47826086956522,
          83.78260869565217
        ],
        [
          81.82608695652172,
          88.13043478260869
        ],
        [
          82.91304347826085,
          94.65217391304347
        ],
        [
          82.26086956521738,
          100.73913043478261
        ],
        [
          81.6086956521739,
          110.30434782608695
        ],
        [
          82.04347826086956,
          119.8695652173913
        ],
        [
          82.47826086956522,
          126.6086956521739
        ],
        [
          73.08695652173905,
          127.0
        ],
        [
          63.34782608695652,
          127.0
        ],
        [
          61.608695652173914,
          119.21739130434781
        ],
        [
          61.391304347826086,
          114.21739130434781
        ],
        [
          59.869565217391305,
          111.17391304347825
        ],
        [
          58.56521739130435,
          105.30434782608695
        ],
        [
          50.95652173913043,
          105.30434782608695
        ],
        [
          55.08695652173913,
          112.26086956521739
        ],
        [
          57.91304347826087,
          118.13043478260869
        ],
        [
          58.130434782608695,
          126.82608695652173
        ],
        [
          52.69565217391304,
          124.65217391304347
        ],
        [
          51.608695652173914,
          117.26086956521739
        ],
        [
          46.17391304347826,
          106.6086956521739
        ],
        [
          42.2608695652174,
          99.21739130434783
        ],
        [
          41.17391304347826,
          91.6086956521739
        ],
        [
          41.17391304347826,
          83.13043478260869
        ],
        [
          40.7391304347826,
          79.0
        ],
        [
          35.7391304347826,
          75.95652173913044
        ],
        [
          41.82608695652174,
          67.47826086956522
        ],
        [
          46.608695652173914,
          64.0
        ],
        [
          54.65217391304348,
          65.08695652173913
        ]
      ],
      "group_id": null,
      "description": "",
      "shape_type": "polygon",
      "flags": {},
      "mask": null
    }
  ],
  "imagePath": "dog.153.jpg",
  "imageData": null,
  "imageHeight": 128,
  "imageWidth": 128
}