{
  "version": "5.8.3",
  "flags": {},
  "shapes": [
    {
      "label": "dog",
      "points": [
        [
          20.52173913043479,
          79.8695652173913
        ],
        [
          9.869565217391305,
          76.82608695652173
        ],
        [
          3.1304347826087024,
          67.26086956521739
        ],
        [
          3.5652173913043512,
          59.0
        ],
        [
          2.9130434782608745,
          54.0
        ],
        [
          6.391304347826093,
          50.08695652173913
        ],
        [
          13.130434782608695,
          42.26086956521739
        ],
        [
          8.347826086956523,
          37.47826086956522
        ],
        [
          9.000000000000007,
          28.56521739130435
        ],
        [
          12.260869565217398,
          20.95652173913044
        ],
        [
          19.43478260869565,
          15.086956521739136
        ],
        [
          27.913043478260867,
          10.086956521739136
        ],
        [
          35.08695652173913,
          6.173913043478268
        ],
        [
          44.869565217391305,
          4.652173913043485
        ],
        [
          52.260869565217384,
          4.217391304347833
        ],
        [
          63.130434782608695,
          2.6956521739130506
        ],
        [
          75.30434782608694,
          5.7391304347826155
        ],
        [
          80.52173913043478,
          8.565217391304355
        ],
        [
          84.43478260869563,
          12.69565217391305
        ],
        [
          90.08695652173913,
          14.434782608695658
        ],
        [
          100.08695652173913,
          16.173913043478265
        ],
        [
          106.39130434782606,
          22.04347826086957
        ],
        [
          109.86956521739128,
          30.086956521739133
        ],
        [
          117.69565217391303,
          38.130434782608695
        ],
        [
          117.91304347826085,
          44.434782608695656
        ],
        [
          109.21739130434781,
          49.65217391304348
        ],
        [
          101.82608695652172,
          57.47826086956522
        ],
        [
          105.30434782608694,
          64.65217391304348
        ],
        [
          105.7391304347826,
          73.34782608695652
        ],
        [
          108.99999999999997,
          81.82608695652173
        ],
        [
          113.13043478260869,
          88.78260869565217
        ],
        [
          119.65217391304347,
          96.82608695652173
        ],
        [
          125.30434782608694,
          101.39130434782608
        ],
        [
          127.0,
          106.47826086956529
        ],
        [
          127.0,
          118.13043478260869
        ],
        [
          127.0,
          127.0
        ],
        [
          117.26086956521738,
          126.82608695652173
        ],
        [
          102.26086956521738,
          126.17391304347825
        ],
        [
          92.76086956521723,
          127.0
        ],
        [
          80.08695652173913,
          127.0
        ],
        [
          66.82608695652175,
          126.82608695652173
        ],
        [
          63.17391304347813,
          127.0
        ],
        [
          49.21739130434782,
          127.0
        ],
        [
          36.17391304347826,
          127.0
        ],
        [
          28.347826086956523,
          127.0
        ],
        [
          30.30434782608696,
          119.65217391304347
        ],
        [
          31.391304347826086,
          109.21739130434781
        ],
        [
          27.913043478260867,
          102.47826086956522
        ],
        [
          27.47826086956521,
          93.78260869565217
        ],
        [
          26.173913043478258,
          86.17391304347827
        ]
      ],
      "group_id": null,
      "description": "",
      "shape_type": "polygon",
      "flags": {},
      "mask": null
    }
  ],
  "imagePath": "dog.125.jpg",
  "imageData": null,
  "imageHeight": 128,
  "imageWidth": 128
}