{
  "version": "5.8.3",
  "flags": {},
  "shapes": [
    {
      "label": "dog",
      "points": [
        [
          30.086956521739133,
          86.82608695652173
        ],
        [
          30.30434782608696,
          76.39130434782608
        ],
        [
          31.608695652173914,
          69.0
        ],
        [
          30.52173913043479,
          60.08695652173913
        ],
        [
          31.391304347826086,
          48.78260869565218
        ],
        [
          34.21739130434782,
          40.08695652173913
        ],
        [
          35.30434782608696,
          31.39130434782609
        ],
        [
          38.34782608695652,
          20.95652173913044
        ],
        [
          43.34782608695652,
          16.173913043478265
        ],
        [
          40.95652173913043,
          13.347826086956527
        ],
        [
          38.99999999999999,
          6.8260869565217455
        ],
        [
          48.34782608695652,
          5.7391304347826155
        ],
        [
          55.521739130434774,
          10.95652173913044
        ],
        [
          65.7391304347826,
          12.043478260869572
        ],
        [
          75.08695652173913,
          16.826086956521745
        ],
        [
          84.43478260869563,
          17.04347826086957
        ],
        [
          92.69565217391303,
          15.521739130434788
        ],
        [
          97.04347826086956,
          16.826086956521745
        ],
        [
          96.39130434782606,
          27.260869565217394
        ],
        [
          96.39130434782606,
          38.56521739130435
        ],
        [
          94.65217391304347,
          50.95652173913044
        ],
        [
          95.7391304347826,
          63.56521739130435
        ],
        [
          99.65217391304347,
          74.21739130434783
        ],
        [
          99.43478260869563,
          88.13043478260869
        ],
        [
          97.69565217391303,
          103.13043478260869
        ],
        [
          96.39130434782606,
          115.30434782608695
        ],
        [
          86.39130434782606,
          125.95652173913042
        ],
        [
          82.10144927536228,
          127.0
        ],
        [
          65.95652173913044,
          127.0
        ],
        [
          59.65217391304348,
          126.82608695652173
        ],
        [
          51.608695652173914,
          126.39130434782608
        ],
        [
          41.608695652173914,
          124.21739130434781
        ],
        [
          35.7391304347826,
          121.17391304347825
        ],
        [
          33.130434782608695,
          112.47826086956522
        ],
        [
          32.91304347826087,
          101.6086956521739
        ],
        [
          31.391304347826086,
          93.34782608695652
        ]
      ],
      "group_id": null,
      "description": "",
      "shape_type": "polygon",
      "flags": {},
      "mask": null
    }
  ],
  "imagePath": "dog.127.jpg",
  "imageData": null,
  "imageHeight": 128,
  "imageWidth": 128
}